state,mandate,mr_request
AK,N,not_requested
AL,N,not_received
AR,N,not_received
AZ,N,not_requested
CA,R,received
CO,R,received
CT,Y,not_received
DC,Y,not_requested
DE,N,not_received
FL,Y,not_received
GA,Y,not_received
HI,N,not_requested
IA,N,not_requested
ID,N,received_incorrect_form
IL,Y,not_received
IN,Y,not_recieved
KS,N,not_received
KY,N,not_requested
LA,N,not_received
MA,Y,not_received
MD,Y,not_received
ME,Y,not_received
MI,R,received
MN,Y,not_received
MO,Y,received_incorrect_form
MS,N,not_requested
MT,N,not_requested
NC,N,not_requested
ND,N,not_received
NE,Y,not_received
NH,Y,not_received
NJ,Y,not_received
NM,N,not_requested
NV,Y,not_received
NY,Y,not_received
OH,N,not_received
OK,Y,not_received
OR,Y,received_incorrect_form
PA,Y,not_received
RI,Y,not_received
SC,Y,not_received
SD,Y,not_received
TN,Y,not_received
TX,Y,not_received
UT,N,not_received
VA,N,not_requested
VT,Y,not_received
WA,R,received
WI,N,not_received
WV,N,not_received
WY,N,not_received